id,code,title,categoryId,roomGroup,roomSection,roomName,typeGroup,typeSection,baselineSpec,baselineBudgetExVat,quantity,unit,decisionStage,priority,description,architectNote,status,selectedName,selectedSource,selectedSourceUrl,selectedCostExVat,selectedNotes,createdAt,updatedAt
site-welfare-and-storage,SITE-WELFARE-AND-STORAGE,Site welfare and storage setup,prelims,General / whole project,Site setup,General / whole project,Site & substructure,Prelims,"Baseline welfare cabin, secure storage, and working site setup.",10000.00,,,now,medium,"Main prelims allowance for welfare, temporary storage, and general site enabling setup.",,open,,,,,,2026-04-04 17:52:27.320695+00,2026-04-04 17:52:27.320695+00
site-security-and-access-control,SITE-SECURITY-AND-ACCESS-CONTROL,Site security and access control,prelims,General / whole project,Site setup,General / whole project,Site & substructure,Prelims,"Controlled temporary fencing, locking, and site security setup.",4000.00,,,now,medium,"Hold security explicitly, especially given the glazing and steel value that will appear on site later.",,open,,,,,,2026-04-04 17:52:27.320695+00,2026-04-04 17:52:27.320695+00
temporary-power-water-and-logistics,TEMPORARY-POWER-WATER-AND-LOGISTICS,"Temporary power, water, and logistics",prelims,General / whole project,Site setup,General / whole project,Site & substructure,Prelims,Temporary utility provision and basic logistics setup.,6000.00,,,now,medium,Includes temporary services and the practical running of the site before the permanent build systems exist.,,open,,,,,,2026-04-04 17:52:27.320695+00,2026-04-04 17:52:27.320695+00
temporary-access-and-hardstanding,TEMPORARY-ACCESS-AND-HARDSTANDING,Temporary access and hardstanding,prelims,General / whole project,Site setup,General / whole project,Site & substructure,Prelims,Simple site access and contractor hardstanding within the prelims budget.,10000.00,,,now,medium,Use this to decide how robust the temporary access strategy needs to be before the groundworks contractor starts.,,open,,,,,,2026-04-04 17:52:27.320695+00,2026-04-04 17:52:27.320695+00
nissen-demolition,NISSEN-DEMOLITION,Nissen hut demolition and old foundation removal,groundworks,General / whole project,Groundworks & drainage,General / whole project,Site & substructure,Demolition,Demolish the existing Nissen hut and remove the old foundations.,15000.00,,,now,medium,Budget-bearing early works item already acknowledged in the project budget.,,open,,,,,,2026-04-04 17:52:27.320695+00,2026-04-04 17:52:27.320695+00
reduced-levels-and-formation,REDUCED-LEVELS-AND-FORMATION,Reduced levels and slab formation,groundworks,General / whole project,Groundworks & drainage,General / whole project,Site & substructure,Ground formation,"Excavate, trim, and form the site to receive the raft slab and drainage.",8000.00,,,now,medium,"Keep levels, thresholds, and courtyard coordination explicit rather than hidden in one large slab number.",,open,,,,,,2026-04-04 17:52:27.320695+00,2026-04-04 17:52:27.320695+00
below-ground-drainage,BELOW-GROUND-DRAINAGE,Below-ground drainage and courtyard drainage interfaces,groundworks,General / whole project,Groundworks & drainage,General / whole project,Site & substructure,Drainage,Standard below-ground foul and surface water drainage with courtyard threshold drainage coordination.,22000.00,,,now,medium,Critical to the courtyard and glazing threshold performance.,"Drainage, courtyard levels, and glazing thresholds need to be drawn together rather than resolved separately.",open,,,,,,2026-04-04 17:52:27.320695+00,2026-04-04 17:52:27.320695+00
incoming-services-and-sleeves,INCOMING-SERVICES-AND-SLEEVES,Incoming services and below-ground sleeves,groundworks,General / whole project,Groundworks & drainage,General / whole project,Site & substructure,Service entries,Allow basic incoming service trenches and sleeves for future connections.,7000.00,,,now,medium,Budget-bearing item for service entry points and sleeves through the substructure.,,open,,,,,,2026-04-04 17:52:27.320695+00,2026-04-04 17:52:27.320695+00
raft-slab-system,RAFT-SLAB-SYSTEM,Raft slab system,groundworks,General / whole project,Foundations,General / whole project,Site & substructure,Foundations,Engineered raft slab with reinforcement and concrete pour within the control budget.,48000.00,,,now,medium,Main structural substructure cost item.,,open,,,,,,2026-04-04 17:52:27.320695+00,2026-04-04 17:52:27.320695+00
thresholds-plinth-and-terrace-interface,THRESHOLDS-PLINTH-AND-TERRACE-INTERFACE,"Thresholds, plinth, and terrace interface",groundworks,General / whole project,Foundations,General / whole project,Site & substructure,Threshold and plinth details,Simple robust concrete threshold and plinth interface package.,10000.00,,,now,medium,Budget-bearing item that influences how refined the house lands on the ground.,,open,,,,,,2026-04-04 17:52:27.320695+00,2026-04-04 17:52:27.320695+00
foundation-service-penetrations,FOUNDATION-SERVICE-PENETRATIONS,Foundation service penetrations and coordination,groundworks,General / whole project,Foundations,General / whole project,Site & substructure,Foundations,Service penetrations coordinated through the slab within the foundation design.,0.00,,,now,medium,Planning item only. Cost is already held inside the foundation and service-entry allowances.,Service entry decisions must be frozen before reinforcement and pour drawings are issued.,open,,,,,,2026-04-04 17:52:27.320695+00,2026-04-04 17:52:27.320695+00
steel-frame-package,STEEL-FRAME-PACKAGE,Steel frame package,structure,General / whole project,Structure,General / whole project,Structural shell,Primary structure,Portal-style steel frame within the control budget.,76000.00,,,now,medium,Main primary structure budget item.,,open,,,,,,2026-04-04 17:52:27.320695+00,2026-04-04 17:52:27.320695+00
secondary-structural-metalwork,SECONDARY-STRUCTURAL-METALWORK,Secondary structural metalwork,structure,General / whole project,Structure,General / whole project,Structural shell,Secondary steel,"Allowances for secondary steel, brackets, and local support metalwork.",5000.00,,,now,medium,Use this to contain local steel creep rather than letting it sit as undefined contractor extras.,,open,,,,,,2026-04-04 17:52:27.320695+00,2026-04-04 17:52:27.320695+00
timber-infill-and-structural-carpentry,TIMBER-INFILL-AND-STRUCTURAL-CARPENTRY,Timber infill and structural carpentry,structure,General / whole project,Structure,General / whole project,Structural shell,Secondary structure,Basic timber infill and structural carpentry around the steel frame.,7000.00,,,now,medium,Budget-bearing item for the non-steel structural elements that complete the shell.,,open,,,,,,2026-04-04 17:52:27.320695+00,2026-04-04 17:52:27.320695+00
visible-steel-finish-decision,VISIBLE-STEEL-FINISH-DECISION,Visible steel finish decision,structure,General / whole project,Structure,General / whole project,Structural shell,Primary structure,Keep steel largely concealed or treated with standard protective finish only.,0.00,,,now,medium,"Planning item only. Upgraded exposed steel treatment would be a conscious design uplift, not a baseline assumption.",,open,,,,,,2026-04-04 17:52:27.320695+00,2026-04-04 17:52:27.320695+00
pitched-roof-build-up,PITCHED-ROOF-BUILD-UP,Pitched roof build-up,roofs,General / whole project,Roofing,General / whole project,Roofing & rainwater,Pitched roofs,Controlled pitched roof covering and build-up.,20000.00,,,now,medium,Main pitched roof allowance.,,open,,,,,,2026-04-04 17:52:27.320695+00,2026-04-04 17:52:27.320695+00
flat-roof-links-build-up,FLAT-ROOF-LINKS-BUILD-UP,Flat roof link build-up,roofs,General / whole project,Roofing,General / whole project,Roofing & rainwater,Flat roofs,Warm roof link build-up with straightforward detailing.,8000.00,,,now,medium,Keep the link roofs technically disciplined; they are visually quiet but technically sensitive.,,open,,,,,,2026-04-04 17:52:27.320695+00,2026-04-04 17:52:27.320695+00
rainwater-goods-and-edge-trims,RAINWATER-GOODS-AND-EDGE-TRIMS,Rainwater goods and roof edge trims,roofs,General / whole project,Roofing,General / whole project,Roofing & rainwater,Rainwater goods,"Standard PPC gutters, outlets, and edge trims.",6000.00,,,now,medium,Budget-bearing roof drainage item.,,open,,,,,,2026-04-04 17:52:27.320695+00,2026-04-04 17:52:27.320695+00
rainwater-goods-visibility,RAINWATER-GOODS-VISIBILITY,Rainwater goods visibility strategy,roofs,General / whole project,Roofing,General / whole project,Roofing & rainwater,Rainwater goods,Exposed practical rainwater goods unless a deliberate concealment upgrade is chosen.,0.00,,,now,medium,Planning item only. Concealed systems are a design-led cost uplift and coordination risk.,,open,,,,,,2026-04-04 17:52:27.320695+00,2026-04-04 17:52:27.320695+00
wall-build-up-and-insulation,WALL-BUILD-UP-AND-INSULATION,Wall build-up and insulation package,envelope,General / whole project,Envelope,General / whole project,Envelope & cladding,Wall build-up,Compliant wall build-up with disciplined insulation and membrane strategy.,18000.00,,,now,medium,Main thermal envelope allowance before cladding.,,open,,,,,,2026-04-04 17:52:27.320695+00,2026-04-04 17:52:27.320695+00
timber-cladding-package,TIMBER-CLADDING-PACKAGE,Timber cladding package,envelope,General / whole project,Envelope,General / whole project,Envelope & cladding,Cladding,Treated timber cladding with controlled hidden-fixing quality level.,48000.00,,,now,medium,Main visual envelope cost driver after glazing.,,open,,,,,,2026-04-04 17:52:27.320695+00,2026-04-04 17:52:27.320695+00
airtightness-membranes-and-testing,AIRTIGHTNESS-MEMBRANES-AND-TESTING,Airtightness membranes and testing,envelope,General / whole project,Envelope,General / whole project,Envelope & cladding,Airtightness,"Straightforward airtightness membranes, tapes, and testing within the build budget.",8000.00,,,now,medium,"Keep this explicit, because performance depends on detailing discipline rather than only on product choice.",,open,,,,,,2026-04-04 17:52:27.320695+00,2026-04-04 17:52:27.320695+00
soffits-reveals-and-plinth,SOFFITS-REVEALS-AND-PLINTH,"Soffits, reveals, and plinth details",envelope,General / whole project,Envelope,General / whole project,Envelope & cladding,External details,"Simple robust detail package to soffits, reveals, and plinth.",14000.00,,,now,medium,Budget-bearing detail package that controls how ‘resolved’ the house looks.,,open,,,,,,2026-04-04 17:52:27.320695+00,2026-04-04 17:52:27.320695+00
cladding-species-and-fixing-method,CLADDING-SPECIES-AND-FIXING-METHOD,Cladding species and fixing method,envelope,General / whole project,Envelope,General / whole project,Envelope & cladding,Cladding,Stay with the controlled larch / cedar style assumption and hidden-fixing intent already in budget.,0.00,,,now,medium,Planning item only. Use it to stop cladding quality drifting beyond the envelope budget.,,open,,,,,,2026-04-04 17:52:27.320695+00,2026-04-04 17:52:27.320695+00
main-slider-package,MAIN-SLIDER-PACKAGE,Two 5m slider package,windows,General / whole project,External openings,General / whole project,Glazing & external doors,Large sliders,Two large minimal-frame aluminium sliders within the live glazing budget.,48000.00,2.00,doors,now,medium,This is the main glazing cost driver in the house.,,open,,,,,,2026-04-04 17:52:27.320695+00,2026-04-04 17:52:27.320695+00
secondary-window-package,SECONDARY-WINDOW-PACKAGE,Secondary window package,windows,General / whole project,External openings,General / whole project,Glazing & external doors,Windows,"Remaining windows including the large guest-room window, corner window, master windows, utility window, and WC window.",18000.00,,,now,medium,Keep this grouped to avoid drifting through one-off bespoke frame requests.,,open,,,,,,2026-04-04 17:52:27.320695+00,2026-04-04 17:52:27.320695+00
front-door-assembly,FRONT-DOOR-ASSEMBLY,Front door and side-glazing assembly,windows,General / whole project,External openings,General / whole project,Glazing & external doors,Entrance doors,"Architectural entrance assembly around 3m overall width, with one-sided glazing and controlled detailing.",8000.00,,,now,medium,Budget-bearing entrance composition item.,,open,,,,,,2026-04-04 17:52:27.320695+00,2026-04-04 17:52:27.320695+00
garage-door-package,GARAGE-DOOR-PACKAGE,Garage door package,windows,General / whole project,External openings,General / whole project,Glazing & external doors,Garage doors,Insulated sectional garage door within the control budget.,6000.00,,,now,medium,Budget-bearing garage opening item.,,open,,,,,,2026-04-04 17:52:27.320695+00,2026-04-04 17:52:27.320695+00
glazing-opening-schedule,GLAZING-OPENING-SCHEDULE,Glazing opening schedule and ventilation strategy,windows,General / whole project,External openings,General / whole project,Glazing & external doors,Opening logic,Only openable windows where they are functionally needed; fixed panes elsewhere for cost and performance control.,0.00,,,now,medium,Planning item only. Use it to stop the glazing package becoming over-complicated.,"Coordinate Part O overheating, purge ventilation, privacy, and furniture layout when deciding which panes open.",open,,,,,,2026-04-04 17:52:27.320695+00,2026-04-04 17:52:27.320695+00
ashp-unit,ASHP-UNIT,Air source heat pump,mech_elec,General / whole project,Heating & plant,General / whole project,"Heating, plumbing & ventilation",Heating plant,Single ASHP sized for the house within the control budget.,14000.00,,,now,medium,Main heating plant cost item.,,open,,,,,,2026-04-04 17:52:27.320695+00,2026-04-04 17:52:27.320695+00
plant-room-fit-out,PLANT-ROOM-FIT-OUT,Plant room fit-out,mech_elec,General / whole project,Heating & plant,General / whole project,"Heating, plumbing & ventilation",Plant room,Controlled plant room with practical layout and acoustic discipline.,5000.00,,,now,medium,Keep plant-room coordination visible rather than treating it as contractor tidying-up.,,open,,,,,,2026-04-04 17:52:27.320695+00,2026-04-04 17:52:27.320695+00
underfloor-heating-system,UNDERFLOOR-HEATING-SYSTEM,Underfloor heating system,mech_elec,General / whole project,Heating & plant,General / whole project,"Heating, plumbing & ventilation",Heat emitters,Wet UFH through the main house within the control budget.,18000.00,,,now,medium,Main heat distribution item based on the all-electric servicing strategy.,,open,,,,,,2026-04-04 17:52:27.320695+00,2026-04-04 17:52:27.320695+00
mvhr-system,MVHR-SYSTEM,MVHR system,mech_elec,General / whole project,Heating & plant,General / whole project,"Heating, plumbing & ventilation",Ventilation,Whole-house MVHR system within the control budget.,12000.00,,,now,medium,Baseline assumption for ventilation and indoor air quality control.,,open,,,,,,2026-04-04 17:52:27.320695+00,2026-04-04 17:52:27.320695+00
plumbing-distribution,PLUMBING-DISTRIBUTION,Plumbing distribution and wastes,mech_elec,General / whole project,Heating & plant,General / whole project,"Heating, plumbing & ventilation",Domestic plumbing,"Standard hot, cold, and waste plumbing distribution within the control budget.",13000.00,,,now,medium,Main plumbing installation budget outside the bathroom and kitchen product allowances.,,open,,,,,,2026-04-04 17:52:27.320695+00,2026-04-04 17:52:27.320695+00
hot-water-cylinder-and-buffer-tank,HOT_WATER_CYLINDER_AND_BUFFER_TANK,Hot water cylinder and buffer tank,mech_elec,General / whole project,Heating & plant,General / whole project,"Heating, plumbing & ventilation",Heating plant,Standard pressurised hot water cylinder and any small buffer requirement are assumed within the ASHP plant allowance.,0.00,,,now,medium,"Planning item only. Keep it visible so plant-room space, access, and sizing are coordinated early.",,open,,,,,,2026-04-04 19:41:00.235721+00,2026-04-04 19:41:00.235721+00
pressurised-water-system,PRESSURISED_WATER_SYSTEM,Pressurised water system,mech_elec,General / whole project,Heating & plant,General / whole project,"Heating, plumbing & ventilation",Domestic plumbing,"Pump, expansion vessel, and manifold arrangement are assumed within the current plumbing and plant allowances.",0.00,,,now,medium,Planning item only. Useful for locking in pressure strategy and cupboard / plant-room coordination.,,open,,,,,,2026-04-04 19:41:00.235721+00,2026-04-04 19:41:00.235721+00
electrical-first-and-second-fix,ELECTRICAL-FIRST-AND-SECOND-FIX,Electrical first and second fix,mech_elec,General / whole project,Electrical backbone,General / whole project,"Electrical, lighting & data",Core electrical install,"Full-house wiring, containment, and core first/second-fix electrical install excluding the separately tracked switch and dimmer plate package.",18000.00,,,now,medium,Main electrical labour and core installation allowance before the visible switch hardware selection.,,open,,,,,,2026-04-04 17:52:27.320695+00,2026-04-07 06:16:25.616606+00
decorative-light-fittings,DECORATIVE-LIGHT-FITTINGS,Decorative light fittings and feature pendants,mech_elec,General / whole project,Electrical backbone,General / whole project,"Electrical, lighting & data",Decorative lighting,"Controlled whole-house decorative fitting allowance for pendants, wall lights, and selected feature fittings beyond the recessed spotlight package.",8000.00,,,later,medium,Separate this from electrical infrastructure so decorative lighting stays visible as a client choice budget.,,open,,,,,,2026-04-04 17:52:27.320695+00,2026-04-04 19:27:07.728251+00
data-alarm-and-entry-infrastructure,DATA-ALARM-AND-ENTRY-INFRASTRUCTURE,"Data, alarm, and entry infrastructure",mech_elec,General / whole project,Electrical backbone,General / whole project,"Electrical, lighting & data",Data & security,"Basic data backbone, alarm routing, and front-door entry infrastructure.",4000.00,,,now,medium,Controlled low-voltage backbone allowance.,,open,,,,,,2026-04-04 17:52:27.320695+00,2026-04-04 17:52:27.320695+00
external-power-and-lighting-infrastructure,EXTERNAL-POWER-AND-LIGHTING-INFRASTRUCTURE,External power and lighting infrastructure,mech_elec,General / whole project,Electrical backbone,General / whole project,"Electrical, lighting & data",External power,Basic outside power and external lighting infrastructure.,4000.00,,,now,medium,Held separately so external electrical scope does not get forgotten until too late.,,open,,,,,,2026-04-04 17:52:27.320695+00,2026-04-04 17:52:27.320695+00
consumer-unit-and-comms-cupboard,CONSUMER-UNIT-AND-COMMS-CUPBOARD,Consumer unit and communications cupboard location,mech_elec,General / whole project,Electrical backbone,General / whole project,"Electrical, lighting & data",Data & security,"Keep a disciplined dedicated location for the consumer unit, router, and data hub.",0.00,,,now,medium,Planning item only. Cost is already within the electrical and data allowances.,Fix this now so it is not dumped into an inconvenient cupboard late in the design.,open,,,,,,2026-04-04 17:52:27.320695+00,2026-04-04 17:52:27.320695+00
recessed-ceiling-spotlights,RECESSED_CEILING_SPOTLIGHTS,Spotlights,mech_elec,General / whole project,Electrical backbone,General / whole project,"Electrical, lighting & data",Lighting infrastructure,"Allowance for 18 recessed LED ceiling spotlights: 8 across the main living volume, 2 per bedroom across 3 bedrooms, and 4 in the office.",2500.00,44.00,spotlights,now,medium,Specific provision for the recessed downlight package so it is carried explicitly rather than assumed to disappear inside the core electrical figure.,,selected,Baseline allowance,https://www.arrowelectricals.co.uk,https://www.arrowelectricals.co.uk/kos-ii-matt-white/,2200.00,"Vertical and Angled. Assuming 44 units in total at around £50 per light
https://www.arrowelectricals.co.uk/ascoli-flush-fire-rated-textured-white/",2026-04-04 19:27:07.728251+00,2026-04-05 10:41:00.259146+00
consumer-unit-and-main-board,CONSUMER_UNIT_AND_MAIN_BOARD,Consumer unit and main board,mech_elec,General / whole project,Electrical backbone,General / whole project,"Electrical, lighting & data",Core electrical install,Consumer unit and main board arrangement are assumed within the core electrical install budget.,0.00,,,now,medium,"Planning item only. Use it to confirm board count, three-phase strategy, and final location.",,open,,,,,,2026-04-04 19:41:00.235721+00,2026-04-04 19:41:00.235721+00
smart-lighting-control-system,SMART_LIGHTING_CONTROL_SYSTEM,Smart lighting control system,mech_elec,General / whole project,Electrical backbone,General / whole project,"Electrical, lighting & data",Lighting controls,No dedicated smart lighting control system is included in the current baseline beyond standard dimming and switching.,0.00,,,later,medium,"Later-stage upgrade item for scene control, app control, or systems like Lutron, KNX, or similar.",,open,,,,,,2026-04-04 19:41:00.235721+00,2026-04-04 19:41:00.235721+00
network-and-wifi-hardware,NETWORK_AND_WIFI_HARDWARE,Network and Wi-Fi hardware,mech_elec,General / whole project,Electrical backbone,General / whole project,"Electrical, lighting & data",Data & security,"Router, switching, and Wi-Fi access points are assumed to sit within the low-voltage backbone allowance.",0.00,,,now,medium,Planning item only. Keep network hardware visible so coverage and cupboard space are considered deliberately.,,open,,,,,,2026-04-04 19:41:00.235721+00,2026-04-04 19:41:00.235721+00
intruder-alarm-system,INTRUDER_ALARM_SYSTEM,Intruder alarm system,mech_elec,General / whole project,Electrical backbone,General / whole project,"Electrical, lighting & data",Data & security,No dedicated monitored intruder alarm system is included beyond basic alarm routing and cabling.,0.00,,,later,medium,Later-stage security upgrade item if you want a full zoned alarm package.,,open,,,,,,2026-04-04 19:41:00.235721+00,2026-04-04 19:41:00.235721+00
cctv-and-video-doorbell,CCTV_AND_VIDEO_DOORBELL,CCTV and video doorbell,mech_elec,General / whole project,Electrical backbone,General / whole project,"Electrical, lighting & data",Data & security,No dedicated CCTV or smart doorbell hardware is included in the baseline beyond cabling routes.,0.00,,,later,medium,"Later-stage upgrade item for external cameras, NVR, and app-connected entry monitoring.",,open,,,,,,2026-04-04 19:41:00.235721+00,2026-04-04 19:41:00.235721+00
smart-locks-and-access-control,SMART_LOCKS_AND_ACCESS_CONTROL,Smart locks and access control,mech_elec,General / whole project,Electrical backbone,General / whole project,"Electrical, lighting & data",Data & security,"Standard locksets only are assumed in the current baseline, with no smart locking or wider access-control package included.",0.00,,,later,medium,"Later-stage upgrade item for app-based locking, intercom-linked access, or integrated security control.",,open,,,,,,2026-04-04 19:41:00.235721+00,2026-04-04 19:41:00.235721+00
fire-alarm-and-co-detection,FIRE_ALARM_AND_CO_DETECTION,Fire alarm and CO detection,mech_elec,General / whole project,Electrical backbone,General / whole project,"Electrical, lighting & data",Data & security,"Interlinked smoke and heat detection are assumed within the core electrical install, with no premium smart-system uplift carried.",0.00,,,now,medium,"Planning item only. Keep detector strategy coordinated across open-plan, hall, and bedroom zones.",,open,,,,,,2026-04-04 19:41:00.235721+00,2026-04-04 19:41:00.235721+00
physical-switches-and-dimmer-plates,PHYSICAL_SWITCHES_AND_DIMMER_PLATES,Physical switches and dimmer plates,mech_elec,General / whole project,Electrical backbone,General / whole project,"Electrical, lighting & data",Lighting controls,"Controlled whole-house allowance for physical light switches, dimmers, and switch plate finish family.",2000.00,,,later,medium,"Split out so plate finish, dimmer count, and hardware quality can be chosen deliberately without hiding inside the general electrical install.",,open,,,,,,2026-04-07 06:16:25.616606+00,2026-04-07 06:16:25.616606+00
internal-doors-package,INTERNAL-DOORS-PACKAGE,Internal doors package,joinery,General / whole project,Joinery & doors,General / whole project,"Joinery, doors & stairs",Internal doors,Paint-grade or controlled veneer internal doors within the joinery budget.,8000.00,,,now,medium,Main internal doors and frames allowance.,,open,,,,,,2026-04-04 17:52:27.320695+00,2026-04-04 17:52:27.320695+00
ironmongery-package,IRONMONGERY-PACKAGE,Ironmongery package,joinery,General / whole project,Joinery & doors,General / whole project,"Joinery, doors & stairs",Ironmongery,Single restrained ironmongery family across the house.,0.00,,,later,medium,Planning item only. Cost is assumed within the internal doors package unless a premium finish family is chosen.,,open,,,,,,2026-04-04 17:52:27.320695+00,2026-04-04 17:52:27.320695+00
skirtings-and-architraves,SKIRTINGS-AND-ARCHITRAVES,Skirtings and architraves,joinery,General / whole project,Joinery & doors,General / whole project,"Joinery, doors & stairs",Trim carpentry,Simple controlled trim carpentry profile across the house.,0.00,,,later,medium,Planning item only. Cost is assumed inside the general joinery package.,,open,,,,,,2026-04-04 17:52:27.320695+00,2026-04-04 17:52:27.320695+00
stair-structure,STAIR-STRUCTURE,Stair structure and substrate,internal_buildup,General / whole project,Joinery & doors,General / whole project,"Joinery, doors & stairs",Stairs,Controlled stair structure and paint-grade substrate.,6000.00,,,now,medium,Budget-bearing stair structure allowance before any decorative balustrade uplift.,,open,,,,,,2026-04-04 17:52:27.320695+00,2026-04-04 17:52:27.320695+00
stair-balustrade-and-handrail,STAIR-BALUSTRADE-AND-HANDRAIL,Stair balustrade and handrail,joinery,General / whole project,Joinery & doors,General / whole project,"Joinery, doors & stairs",Stairs,Straightforward balustrade and handrail package.,4000.00,,,now,medium,Budget-bearing finish item for the stair once the structure exists.,,open,,,,,,2026-04-04 17:52:27.320695+00,2026-04-04 17:52:27.320695+00
bathroom-glass-and-screens,BATHROOM-GLASS-AND-SCREENS,Bathroom glass screens and shower enclosures,bathrooms,General / whole project,Bathrooms,General / whole project,Bathrooms & sanitaryware,Shower glass,Controlled allowance for shower glass and necessary bathroom screens across the house.,4000.00,,,now,medium,Separate this from the shower fittings so glass and enclosure creep stays visible.,,open,,,,,,2026-04-04 17:52:27.320695+00,2026-04-04 17:52:27.320695+00
whole-house-decorating,WHOLE-HOUSE-DECORATING,Whole-house decorating package,finishes,General / whole project,Finishes,General / whole project,"Floors, walls & decorating",Decorating,Controlled whole-house painting and decorating package with standard systems only.,18000.00,,,later,medium,Explicitly holds the decorating budget that otherwise disappears into general contractor numbers.,,open,,,,,,2026-04-04 17:52:27.320695+00,2026-04-04 17:52:27.320695+00
specialist-clay-plaster-finish,SPECIALIST_CLAY_PLASTER_FINISH,Specialist clay plaster finish,finishes,General / whole project,Finishes,General / whole project,"Floors, walls & decorating",Specialist plaster,No whole-house clay plaster or similar specialist wall-and-ceiling finish is included in the current baseline.,0.00,,,later,medium,Later-stage upgrade item if you want to replace the standard decorated plaster finish with a specialist clay system.,,open,,,,,,2026-04-04 19:41:00.235721+00,2026-04-04 19:41:00.235721+00
entrance-floor-finish,ENTRANCE-FLOOR-FINISH,Entrance floor finish,finishes,Entranceway,Finishes,Entranceway,"Floors, walls & decorating",Entrance floors,Controlled terrazzo floor within the entrance allowance.,3500.00,,,now,medium,"This is one of the justified places for a strong, durable floor finish.",,open,,,,,,2026-04-04 17:52:27.320695+00,2026-04-04 17:52:27.320695+00
entrance-wall-finish,ENTRANCE-WALL-FINISH,Entrance wall finish,finishes,Entranceway,Finishes,Entranceway,"Floors, walls & decorating",Entrance walls,Paint-grade wall finish with no specialist decorative treatment.,0.00,,,later,medium,Planning item only. Keep decorative upgrades deliberate rather than accidental.,,open,,,,,,2026-04-04 17:52:27.320695+00,2026-04-04 17:52:27.320695+00
entrance-storage-joinery,ENTRANCE-STORAGE-JOINERY,Entrance storage joinery,joinery,Entranceway,Joinery & storage,Entranceway,"Joinery, doors & stairs",Entrance storage,Simple coat and shoe storage within the control budget.,2000.00,,,now,medium,"Small but important discipline item; entry clutter is usually a design failure, not a styling issue.",,open,,,,,,2026-04-04 17:52:27.320695+00,2026-04-04 17:52:27.320695+00
entrance-power-layout,ENTRANCE-POWER-LAYOUT,Power layout and smart entry points,mech_elec,Entranceway,Electrical & lighting,Entranceway,"Electrical, lighting & data",Entrance power,"Allow 2 twin sockets, doorbell / intercom position, alarm routing, and smoke detection within the main electrical budget.",0.00,,,now,medium,Planning item only.,,open,,,,,,2026-04-04 17:52:27.320695+00,2026-04-04 17:52:27.320695+00
entrance-lighting-layout,ENTRANCE-LIGHTING-LAYOUT,Lighting layout,mech_elec,Entranceway,Electrical & lighting,Entranceway,"Electrical, lighting & data",Entrance lighting,Allow approximately 4 to 6 lighting points with a layered entry sequence.,0.00,,,now,medium,Planning item only. Coordinate arrival experience and glare from the glazed entrance composition.,,open,,,,,,2026-04-04 17:52:27.320695+00,2026-04-04 17:52:27.320695+00
living-kitchen-floor-finish,LIVING-KITCHEN-FLOOR-FINISH,Main living volume floor finish,finishes,Kitchen / dining / living,Finishes,Kitchen / dining / living,"Floors, walls & decorating",Living floors,Polished terrazzo across the principal living volume within the control budget.,14500.00,,,now,medium,Major finish item and one of the visible ‘good money’ decisions in the house.,,open,,,,,,2026-04-04 17:52:27.320695+00,2026-04-04 17:52:27.320695+00
living-walls-and-ceiling-finish,LIVING-WALLS-AND-CEILING-FINISH,Walls and ceiling finish,finishes,Kitchen / dining / living,Finishes,Kitchen / dining / living,"Floors, walls & decorating",Living walls,Paint-grade wall and ceiling finish with no specialist plaster or microcement baseline.,0.00,,,later,medium,Planning item only. Decorative upgrades here can destabilize the budget quickly.,,open,,,,,,2026-04-04 17:52:27.320695+00,2026-04-04 17:52:27.320695+00
media-joinery,MEDIA-JOINERY,Media and living-room joinery,joinery,Kitchen / dining / living,Joinery & storage,Kitchen / dining / living,"Joinery, doors & stairs",Media joinery,Minimal or no bespoke media joinery in the baseline budget.,2000.00,,,now,medium,Small allowance only; a more bespoke installation would need to be a conscious upgrade.,,open,,,,,,2026-04-04 17:52:27.320695+00,2026-04-04 17:52:27.320695+00
living-power-layout,LIVING-POWER-LAYOUT,Power and appliance layout,mech_elec,Kitchen / dining / living,Electrical & lighting,Kitchen / dining / living,"Electrical, lighting & data",Living power & data,"Allow approximately 18 twin sockets, appliance feeds, and 2 to 3 data points within the main electrical budget.",0.00,,,now,medium,Planning item only. This is the room most likely to be under-specified if power is treated casually.,,open,,,,,,2026-04-04 17:52:27.320695+00,2026-04-04 17:52:27.320695+00
living-lighting-layout,LIVING-LIGHTING-LAYOUT,Lighting layout and scenes,mech_elec,Kitchen / dining / living,Electrical & lighting,Kitchen / dining / living,"Electrical, lighting & data",Living lighting,"Allow approximately 12 to 16 lighting points including 8 recessed ceiling spotlights across the main volume, task lighting, and feature pendants within the main electrical budget.",0.00,,,now,medium,"Planning item only. The room needs layered lighting, with the 8 recessed spotlights treated as the ambient layer rather than the whole scheme.","Coordinate pendants, task lighting, island lighting, and glare control at the big sliders.",open,,,,,,2026-04-04 17:52:27.320695+00,2026-04-04 19:27:07.728251+00
kitchen-cabinetry-and-worktops,KITCHEN-CABINETRY-AND-WORKTOPS,Kitchen cabinetry and worktops,kitchen_utility,Kitchen / dining / living,Kitchen,Kitchen / dining / living,Kitchen & utility,Kitchen joinery,Controlled kitchen cabinetry and worktop package aligned with the current allowance.,24000.00,,,now,medium,Main kitchen fit-out allowance.,,open,,,,,,2026-04-04 17:52:27.320695+00,2026-04-04 17:52:27.320695+00
kitchen-appliances,KITCHEN-APPLIANCES,Kitchen appliances,kitchen_utility,Kitchen / dining / living,Kitchen,Kitchen / dining / living,Kitchen & utility,Appliances,Controlled appliance package aligned with the current appliance allowance.,15000.00,,,now,medium,Keep appliance inflation visible rather than hidden across multiple suppliers.,,open,,,,,,2026-04-04 17:52:27.320695+00,2026-04-04 17:52:27.320695+00
kitchen-sink-and-tap,KITCHEN-SINK-AND-TAP,Kitchen sink and tap,kitchen_utility,Kitchen / dining / living,Kitchen,Kitchen / dining / living,Kitchen & utility,Sinks & taps,Good-quality undermount sink and single mixer tap within the control budget.,1500.00,,,now,medium,"This carries the working allowance for the kitchen sink zone, not the splashback or boiling tap uplift.",,open,,,,,,2026-04-04 17:52:27.320695+00,2026-04-04 17:52:27.320695+00
kitchen-island-layout,KITCHEN-ISLAND-LAYOUT,Kitchen island layout,kitchen_utility,Kitchen / dining / living,Kitchen,Kitchen / dining / living,Kitchen & utility,Kitchen planning,Single island within the existing kitchen budget and room layout.,0.00,,,now,medium,"Planning item only. Island size has structural, lighting, and circulation consequences.","Freeze the island before power, lighting, and slider furniture layouts are finalized.",open,,,,,,2026-04-04 17:52:27.320695+00,2026-04-04 17:52:27.320695+00
kitchen-splashback,KITCHEN-SPLASHBACK,Kitchen splashback,kitchen_utility,Kitchen / dining / living,Kitchen,Kitchen / dining / living,Kitchen & utility,Kitchen finishes,Simple durable splashback material within the controlled kitchen allowance.,0.00,,,later,medium,Planning item only unless a premium stone or specialist finish is chosen.,,open,,,,,,2026-04-04 17:52:27.320695+00,2026-04-04 17:52:27.320695+00
office-floor-finish,OFFICE-FLOOR-FINISH,Floor finish,finishes,Office,Finishes,Office,"Floors, walls & decorating",Study floors,Engineered oak floor within the control budget.,1400.00,,,now,medium,Keep the office durable and consistent with the bedroom-quality oak finish level.,,open,,,,,,2026-04-04 17:52:27.320695+00,2026-04-04 17:52:27.320695+00
office-wall-finish,OFFICE-WALL-FINISH,Wall finish,finishes,Office,Finishes,Office,"Floors, walls & decorating",Study walls,Paint-grade wall finish with no specialist treatment assumed.,0.00,,,later,medium,Planning item only.,,open,,,,,,2026-04-04 17:52:27.320695+00,2026-04-04 17:52:27.320695+00
office-desk-and-storage-joinery,OFFICE-DESK-AND-STORAGE-JOINERY,Desk and storage joinery,joinery,Office,Joinery & storage,Office,"Joinery, doors & stairs",Study joinery,Loose furniture only unless a built-in desk is deliberately chosen.,0.00,,,now,medium,No bespoke office joinery is assumed in the baseline build budget.,,open,,,,,,2026-04-04 17:52:27.320695+00,2026-04-04 17:52:27.320695+00
office-power-layout,OFFICE-POWER-LAYOUT,Power and data layout,mech_elec,Office,Electrical & lighting,Office,"Electrical, lighting & data",Study power & data,Allow 6 twin sockets and 2 data points within the main electrical budget.,0.00,,,now,medium,Planning item only.,,open,,,,,,2026-04-04 17:52:27.320695+00,2026-04-04 17:52:27.320695+00
office-lighting-layout,OFFICE-LIGHTING-LAYOUT,Lighting layout,mech_elec,Office,Electrical & lighting,Office,"Electrical, lighting & data",Study lighting,Allow approximately 4 to 5 lighting points including 4 recessed ceiling spotlights and desk-task support within the main electrical budget.,0.00,,,now,medium,Planning item only.,,open,,,,,,2026-04-04 17:52:27.320695+00,2026-04-04 19:27:07.728251+00
utility-floor-finish,UTILITY-FLOOR-FINISH,Floor finish,finishes,Utility room,Finishes,Utility room,"Floors, walls & decorating",Utility floors,Durable serviceable hard floor within the control budget.,1500.00,,,now,medium,Use a practical floor that can deal with moisture and cleaning.,,open,,,,,,2026-04-04 17:52:27.320695+00,2026-04-04 17:52:27.320695+00
utility-wall-finish,UTILITY-WALL-FINISH,Wall finish,finishes,Utility room,Finishes,Utility room,"Floors, walls & decorating",Utility walls,Paint-grade or washable utility finish with no specialist material assumed.,0.00,,,later,medium,Planning item only.,,open,,,,,,2026-04-04 17:52:27.320695+00,2026-04-04 17:52:27.320695+00
utility-cabinetry-and-worktop,UTILITY-CABINETRY-AND-WORKTOP,Utility cabinetry and worktop,kitchen_utility,Utility room,Utility,Utility room,Kitchen & utility,Utility joinery,Controlled utility cabinetry and worktop package.,1500.00,,,now,medium,Keep utility fit-out serviceable and tidy without turning it into a second bespoke kitchen.,,open,,,,,,2026-04-04 17:52:27.320695+00,2026-04-04 17:52:27.320695+00
utility-sink-and-tap,UTILITY-SINK-AND-TAP,Utility sink and tap,kitchen_utility,Utility room,Utility,Utility room,Kitchen & utility,Sinks & taps,Basic utility sink and mixer tap within the control budget.,500.00,,,now,medium,Small but explicit utility sink allowance so the room can be specified cleanly.,,open,,,,,,2026-04-04 17:52:27.320695+00,2026-04-04 17:52:27.320695+00
utility-wall-units-and-shelving,UTILITY_WALL_UNITS_AND_SHELVING,Utility wall units and shelving,kitchen_utility,Utility room,Utility,Utility room,Kitchen & utility,Utility joinery,Any modest wall units or shelving are assumed within the controlled utility cabinetry allowance rather than as a separate budget uplift.,0.00,,,now,medium,Planning item only. Use it to pin down whether the utility stays basic or becomes more fitted.,,open,,,,,,2026-04-04 19:41:00.235721+00,2026-04-04 19:41:00.235721+00
utility-washing-machine,UTILITY_WASHING_MACHINE,Washing machine,kitchen_utility,Utility room,Utility,Utility room,Kitchen & utility,Utility appliances,No supply-only washing machine allowance is currently carried in the construction budget.,800.00,,,later,medium,Owner-supplied appliance placeholder so the utility room scope can still be decided here.,,open,,,,,,2026-04-04 19:41:00.235721+00,2026-04-04 20:42:17.518372+00
utility-tumble-dryer,UTILITY_TUMBLE_DRYER,Tumble dryer,kitchen_utility,Utility room,Utility,Utility room,Kitchen & utility,Utility appliances,No supply-only tumble dryer allowance is currently carried in the construction budget.,800.00,,,later,medium,"Owner-supplied appliance placeholder so ventilation, condensate, and stacking decisions are still tracked.",,open,,,,,,2026-04-04 19:41:00.235721+00,2026-04-04 20:42:31.221463+00
dec-item-wall-mounted-drying-rack-ea99b765,WALL_MOUNTED_DRYING_RACK_99B765,Wall mounted drying rack,prelims,Utility room,Utility,Utility room,Utility,Utility,Wall mounted opposite to avoid drying clothes horses.,80.00,,,now,medium,,,open,,,,,,2026-04-04 20:46:08.293951+00,2026-04-04 20:47:04.447414+00
utility-appliance-layout,UTILITY-APPLIANCE-LAYOUT,"Washer, dryer, and services layout",mech_elec,Utility room,Electrical & plumbing,Utility room,"Heating, plumbing & ventilation",Utility plumbing,Controlled washer / dryer layout within the main utility plumbing and electrical budget.,0.00,,,now,medium,Planning item only.,,open,,,,,,2026-04-04 17:52:27.320695+00,2026-04-04 17:52:27.320695+00
utility-power-and-lighting,UTILITY-POWER-AND-LIGHTING,Power and lighting layout,mech_elec,Utility room,Electrical & plumbing,Utility room,"Electrical, lighting & data",Utility power & lighting,"Allow 4 twin sockets, dedicated appliance feeds, and 3 lighting points within the main electrical budget.",0.00,,,now,medium,Planning item only.,,open,,,,,,2026-04-04 17:52:27.320695+00,2026-04-04 17:52:27.320695+00
circulation-floor-finish,CIRCULATION-FLOOR-FINISH,Hall and stair circulation floor finish,finishes,Hallways / circulation,Finishes,Hallways / circulation,"Floors, walls & decorating",Circulation floors,Engineered oak or continuous controlled floor finish to circulation spaces.,1500.00,,,now,medium,Hold the circulation finish consistently so it does not get lost between room budgets.,,open,,,,,,2026-04-04 17:52:27.320695+00,2026-04-04 17:52:27.320695+00
circulation-wall-finish,CIRCULATION-WALL-FINISH,Hall and stair wall finish,finishes,Hallways / circulation,Finishes,Hallways / circulation,"Floors, walls & decorating",Circulation walls,Paint-grade wall finish to circulation spaces.,0.00,,,later,medium,Planning item only.,,open,,,,,,2026-04-04 17:52:27.320695+00,2026-04-04 17:52:27.320695+00
understairs-or-circulation-storage,UNDERSTAIRS-OR-CIRCULATION-STORAGE,Circulation storage,joinery,Hallways / circulation,Joinery & storage,Hallways / circulation,"Joinery, doors & stairs",Circulation storage,No major bespoke storage beyond practical basic joinery unless deliberately added.,0.00,,,now,medium,Keep this explicit because hallway and stair storage is often omitted from early drawings.,,open,,,,,,2026-04-04 17:52:27.320695+00,2026-04-04 17:52:27.320695+00
circulation-lighting,CIRCULATION-LIGHTING,Circulation lighting layout,mech_elec,Hallways / circulation,Electrical & lighting,Hallways / circulation,"Electrical, lighting & data",Circulation lighting,Allow 6 to 8 lighting points across hall and stair circulation within the main electrical budget.,0.00,,,now,medium,Planning item only.,,open,,,,,,2026-04-04 17:52:27.320695+00,2026-04-04 17:52:27.320695+00
circulation-power,CIRCULATION-POWER,Circulation power layout,mech_elec,Hallways / circulation,Electrical & lighting,Hallways / circulation,"Electrical, lighting & data",Circulation power,Allow 2 twin sockets and smoke detection within the main electrical budget.,0.00,,,now,medium,Planning item only.,,open,,,,,,2026-04-04 17:52:27.320695+00,2026-04-04 17:52:27.320695+00
principal-power-and-data,PRINCIPAL-POWER-AND-DATA,Power and data layout,mech_elec,Master bedroom,Electrical & lighting,Master bedroom,"Electrical, lighting & data",Bedroom power & data,Allow 8 twin sockets and 2 data points within the main electrical budget.,0.00,,,now,medium,Planning item only.,,open,,,,,,2026-04-04 17:52:27.320695+00,2026-04-04 17:52:27.320695+00
principal-lighting-layout,PRINCIPAL-LIGHTING-LAYOUT,Lighting layout,mech_elec,Master bedroom,Electrical & lighting,Master bedroom,"Electrical, lighting & data",Bedroom lighting,"Allow 6 to 8 lighting points, including 2 recessed ceiling spotlights, bedside control, and wardrobe lighting provision, within the main electrical budget.",0.00,,,now,medium,Planning item only.,,open,,,,,,2026-04-04 17:52:27.320695+00,2026-04-04 19:27:07.728251+00
principal-bedroom-floor-finish,PRINCIPAL-BEDROOM-FLOOR-FINISH,Bedroom floor finish,finishes,Master bedroom,Bedroom,Master bedroom,"Floors, walls & decorating",Principal bedroom floors,Engineered oak floor within the principal bedroom allowance.,2500.00,,,now,medium,One of the bedroom finish upgrades that may justify slightly better quality than the guest rooms.,,open,,,,,,2026-04-04 17:52:27.320695+00,2026-04-04 17:52:27.320695+00
principal-bedroom-wall-finish,PRINCIPAL-BEDROOM-WALL-FINISH,Bedroom wall finish,finishes,Master bedroom,Bedroom,Master bedroom,"Floors, walls & decorating",Principal bedroom walls,Paint-grade principal bedroom wall finish with no specialist finish assumed.,0.00,,,later,medium,Planning item only.,,open,,,,,,2026-04-04 17:52:27.320695+00,2026-04-04 17:52:27.320695+00
principal-wardrobes,PRINCIPAL-WARDROBES,Wardrobes and dressing storage,joinery,Master bedroom,Bedroom,Master bedroom,"Joinery, doors & stairs",Bedroom wardrobes,Controlled fitted wardrobe allowance for the principal suite.,5000.00,,,now,medium,This is the main wardrobe spend in the house; keep it focused here rather than over-joining all bedrooms.,,open,,,,,,2026-04-04 17:52:27.320695+00,2026-04-04 17:52:27.320695+00
principal-bedside-joinery,PRINCIPAL-BEDSIDE-JOINERY,Bedside joinery and headboard integration,joinery,Master bedroom,Bedroom,Master bedroom,"Joinery, doors & stairs",Bedroom joinery,No bespoke bedside joinery assumed unless deliberately added.,0.00,,,now,medium,Planning item only.,,open,,,,,,2026-04-04 17:52:27.320695+00,2026-04-04 17:52:27.320695+00
principal-suite-tiling-and-walls,PRINCIPAL-SUITE-TILING-AND-WALLS,Tiling and wet-area wall finish,bathrooms,His ensuite,Finishes,His ensuite,"Floors, walls & decorating",Bathroom finishes,Porcelain tile finish to wet areas with paint-grade non-wet walls unless upgraded.,5000.00,,,now,medium,Use this allowance to control tile format and extent. It should not quietly turn into full-height premium stone everywhere.,,open,,,,,,2026-04-04 17:52:27.320695+00,2026-04-04 19:48:36.945831+00
principal-suite-wc,PRINCIPAL-SUITE-WC,WC,bathrooms,His ensuite,Fixtures & fittings,His ensuite,Bathrooms & sanitaryware,Sanitaryware,Good-quality WC within the control budget.,1000.00,,,now,medium,Carry a realistic mid-range WC allowance rather than a premium designer product.,,open,,,,,,2026-04-04 17:52:27.320695+00,2026-04-04 19:48:36.945831+00
principal-suite-basin,PRINCIPAL-SUITE-BASIN,Basin and vanity,bathrooms,His ensuite,Fixtures & fittings,His ensuite,Bathrooms & sanitaryware,Sanitaryware,Basin or compact vanity within the control budget.,1800.00,,,now,medium,Use this to hold the basin and any integrated vanity component together.,,open,,,,,,2026-04-04 17:52:27.320695+00,2026-04-04 19:48:36.945831+00
principal-suite-tapware,PRINCIPAL-SUITE-TAPWARE,Tapware and brassware,bathrooms,His ensuite,Fixtures & fittings,His ensuite,Bathrooms & sanitaryware,Tapware,Controlled mid-range basin tap / small brassware allowance.,700.00,,,now,medium,"Keep finish and brand discipline here, because brassware escalation is one of the easiest budget leaks in the project.",,open,,,,,,2026-04-04 17:52:27.320695+00,2026-04-04 19:48:36.945831+00
principal-suite-shower,PRINCIPAL-SUITE-SHOWER,Shower set,bathrooms,His ensuite,Fixtures & fittings,His ensuite,Bathrooms & sanitaryware,Shower fittings,Concealed thermostatic shower set within the control budget.,2500.00,,,now,medium,"Includes valve, head, and handset allowance at a sensible quality level.",,open,,,,,,2026-04-04 17:52:27.320695+00,2026-04-04 19:48:36.945831+00
principal-suite-mirror-and-storage,PRINCIPAL-SUITE-MIRROR-AND-STORAGE,Mirror and storage,bathrooms,His ensuite,Fixtures & fittings,His ensuite,Bathrooms & sanitaryware,Mirrors & storage,Mirror or mirrored storage cabinet within the control budget.,700.00,,,later,medium,Use this to control whether the room stays simple or becomes more furniture-led.,,open,,,,,,2026-04-04 17:52:27.320695+00,2026-04-04 19:48:36.945831+00
principal-suite-accessories,PRINCIPAL-SUITE-ACCESSORIES,Accessories and towel rail,bathrooms,His ensuite,Accessories,His ensuite,Bathrooms & sanitaryware,Accessories & rails,"Controlled accessories package including robe hook, paper holder, and small fittings.",1000.00,,,later,medium,These small items add up. Keep them visible in the budget instead of allowing them to arrive as late extras.,,open,,,,,,2026-04-04 17:52:27.320695+00,2026-04-04 19:48:36.945831+00
principal-suite-electrical-ventilation,PRINCIPAL-SUITE-ELECTRICAL-VENTILATION,"Electrical, extract, and lighting layout",mech_elec,His ensuite,Electrical & ventilation,His ensuite,"Electrical, lighting & data",Bathroom lighting & ventilation,"Allow mirror feed, extract, towel rail connection, and approximately 3 lighting points within the main electrical budget.",0.00,,,now,medium,Planning item only. Cost is already carried inside the main electrical and ventilation packages.,"Coordinate mirror positions, shaver points, extract, and any niche lighting before first-fix.",open,,,,,,2026-04-04 17:52:27.320695+00,2026-04-04 19:48:36.945831+00
family-bathroom-tiling-and-walls,FAMILY-BATHROOM-TILING-AND-WALLS,Tiling and wet-area wall finish,bathrooms,Her ensuite,Finishes,Her ensuite,"Floors, walls & decorating",Bathroom finishes,Porcelain tile finish to wet areas with paint-grade non-wet walls unless upgraded.,4500.00,,,now,medium,Use this allowance to control tile format and extent. It should not quietly turn into full-height premium stone everywhere.,,open,,,,,,2026-04-04 17:52:27.320695+00,2026-04-04 17:52:27.320695+00
family-bathroom-wc,FAMILY-BATHROOM-WC,WC,bathrooms,Her ensuite,Fixtures & fittings,Her ensuite,Bathrooms & sanitaryware,Sanitaryware,Good-quality WC within the control budget.,900.00,,,now,medium,Carry a realistic mid-range WC allowance rather than a premium designer product.,,open,,,,,,2026-04-04 17:52:27.320695+00,2026-04-04 17:52:27.320695+00
family-bathroom-basin,FAMILY-BATHROOM-BASIN,Basin and vanity,bathrooms,Her ensuite,Fixtures & fittings,Her ensuite,Bathrooms & sanitaryware,Sanitaryware,Basin or compact vanity within the control budget.,1200.00,,,now,medium,Use this to hold the basin and any integrated vanity component together.,,open,,,,,,2026-04-04 17:52:27.320695+00,2026-04-04 17:52:27.320695+00
family-bathroom-tapware,FAMILY-BATHROOM-TAPWARE,Tapware and brassware,bathrooms,Her ensuite,Fixtures & fittings,Her ensuite,Bathrooms & sanitaryware,Tapware,Controlled mid-range basin tap / small brassware allowance.,500.00,,,now,medium,"Keep finish and brand discipline here, because brassware escalation is one of the easiest budget leaks in the project.",,open,,,,,,2026-04-04 17:52:27.320695+00,2026-04-04 17:52:27.320695+00
family-bathroom-bath,FAMILY-BATHROOM-BATH,Free standing bath,bathrooms,Her ensuite,Fixtures & fittings,Her ensuite,Bathrooms & sanitaryware,Baths,Straightforward free standing bath.,1600.00,,,now,medium,"This is a controlled bath allowance, not a statement freestanding stone bath budget.",,open,,,,,,2026-04-04 17:52:27.320695+00,2026-04-04 20:32:28.02316+00
family-bathroom-mirror-and-storage,FAMILY-BATHROOM-MIRROR-AND-STORAGE,Mirror and storage,bathrooms,Her ensuite,Fixtures & fittings,Her ensuite,Bathrooms & sanitaryware,Mirrors & storage,Mirror or mirrored storage cabinet within the control budget.,500.00,,,later,medium,Use this to control whether the room stays simple or becomes more furniture-led.,,open,,,,,,2026-04-04 17:52:27.320695+00,2026-04-04 17:52:27.320695+00
family-bathroom-accessories,FAMILY-BATHROOM-ACCESSORIES,Accessories and towel rail,bathrooms,Her ensuite,Accessories,Her ensuite,Bathrooms & sanitaryware,Accessories & rails,"Controlled accessories package including robe hook, paper holder, and small fittings.",500.00,,,later,medium,These small items add up. Keep them visible in the budget instead of allowing them to arrive as late extras.,,open,,,,,,2026-04-04 17:52:27.320695+00,2026-04-04 20:21:51.037785+00
family-bathroom-electrical-ventilation,FAMILY-BATHROOM-ELECTRICAL-VENTILATION,"Electrical, extract, and lighting layout",mech_elec,Her ensuite,Electrical & ventilation,Her ensuite,"Electrical, lighting & data",Bathroom lighting & ventilation,"Allow mirror feed, extract, towel rail connection, and approximately 2 lighting points within the main electrical budget.",0.00,,,now,medium,Planning item only. Cost is already carried inside the main electrical and ventilation packages.,"Coordinate mirror positions, shaver points, extract, and any niche lighting before first-fix.",open,,,,,,2026-04-04 17:52:27.320695+00,2026-04-04 17:52:27.320695+00
guest-bedroom-1-floor-finish,GUEST-BEDROOM-1-FLOOR-FINISH,Floor finish,finishes,Guest bedroom 1,Finishes,Guest bedroom 1,"Floors, walls & decorating",Bedroom floors,Engineered oak floor within the control budget allowance.,1200.00,,,now,medium,Carry a restrained oak floor allowance rather than premium bespoke timber.,,open,,,,,,2026-04-04 17:52:27.320695+00,2026-04-04 17:52:27.320695+00
guest-bedroom-1-wall-finish,GUEST-BEDROOM-1-WALL-FINISH,Wall finish,finishes,Guest bedroom 1,Finishes,Guest bedroom 1,"Floors, walls & decorating",Bedroom walls,Paint-grade plaster finish with no specialist decorative treatment.,0.00,,,later,medium,Budget is held only if this room is expected to carry upgraded decorative treatment.,,open,,,,,,2026-04-04 17:52:27.320695+00,2026-04-04 17:52:27.320695+00
guest-bedroom-1-wardrobes,GUEST-BEDROOM-1-WARDROBES,Wardrobes and storage,joinery,Guest bedroom 1,Joinery & storage,Guest bedroom 1,"Joinery, doors & stairs",Bedroom wardrobes,Controlled fitted wardrobe allowance.,2500.00,,,now,medium,Use this to decide whether the room gets built-in storage or stays loose furnished.,,open,,,,,,2026-04-04 17:52:27.320695+00,2026-04-04 17:52:27.320695+00
guest-bedroom-1-power-layout,GUEST-BEDROOM-1-POWER-LAYOUT,Power layout and socket count,mech_elec,Guest bedroom 1,Electrical & lighting,Guest bedroom 1,"Electrical, lighting & data",Bedroom power & data,Allow 4 twin sockets and 1 data point within the main electrical budget.,0.00,,,now,medium,Planning item only. Cost is already included in the main electrical package.,Lock bed position and desk / TV assumptions before first-fix electrical drawings are issued.,open,,,,,,2026-04-04 17:52:27.320695+00,2026-04-04 17:52:27.320695+00
guest-bedroom-1-lighting-layout,GUEST-BEDROOM-1-LIGHTING-LAYOUT,Lighting layout,mech_elec,Guest bedroom 1,Electrical & lighting,Guest bedroom 1,"Electrical, lighting & data",Bedroom lighting,"Allow approximately 4 lighting points including 2 recessed ceiling spotlights, a main decorative fitting or bedside feature lights, and secondary lighting positions within the main electrical budget.",0.00,,,now,medium,"Planning item only. Use it to coordinate the 2 recessed ceiling spotlights, bedside switching, wall lights, and any wardrobe lighting.",,open,,,,,,2026-04-04 17:52:27.320695+00,2026-04-04 19:27:07.728251+00
guest-shower-room-tiling-and-walls,GUEST-SHOWER-ROOM-TILING-AND-WALLS,Tiling and wet-area wall finish,bathrooms,Guest bedroom 1 ensuite,Finishes,Guest bedroom 1 ensuite,"Floors, walls & decorating",Bathroom finishes,Porcelain tile finish to wet areas with paint-grade non-wet walls unless upgraded.,4000.00,,,now,medium,Use this allowance to control tile format and extent. It should not quietly turn into full-height premium stone everywhere.,,open,,,,,,2026-04-04 17:52:27.320695+00,2026-04-04 17:52:27.320695+00
guest-shower-room-wc,GUEST-SHOWER-ROOM-WC,WC,bathrooms,Guest bedroom 1 ensuite,Fixtures & fittings,Guest bedroom 1 ensuite,Bathrooms & sanitaryware,Sanitaryware,Good-quality WC within the control budget.,900.00,,,now,medium,Carry a realistic mid-range WC allowance rather than a premium designer product.,,open,,,,,,2026-04-04 17:52:27.320695+00,2026-04-04 17:52:27.320695+00
guest-shower-room-basin,GUEST-SHOWER-ROOM-BASIN,Basin and vanity,bathrooms,Guest bedroom 1 ensuite,Fixtures & fittings,Guest bedroom 1 ensuite,Bathrooms & sanitaryware,Sanitaryware,Basin or compact vanity within the control budget.,1200.00,,,now,medium,Use this to hold the basin and any integrated vanity component together.,,open,,,,,,2026-04-04 17:52:27.320695+00,2026-04-04 17:52:27.320695+00
guest-shower-room-tapware,GUEST-SHOWER-ROOM-TAPWARE,Tapware and brassware,bathrooms,Guest bedroom 1 ensuite,Fixtures & fittings,Guest bedroom 1 ensuite,Bathrooms & sanitaryware,Tapware,Controlled mid-range basin tap / small brassware allowance.,500.00,,,now,medium,"Keep finish and brand discipline here, because brassware escalation is one of the easiest budget leaks in the project.",,open,,,,,,2026-04-04 17:52:27.320695+00,2026-04-04 17:52:27.320695+00
guest-shower-room-shower,GUEST-SHOWER-ROOM-SHOWER,Shower set,bathrooms,Guest bedroom 1 ensuite,Fixtures & fittings,Guest bedroom 1 ensuite,Bathrooms & sanitaryware,Shower fittings,Concealed thermostatic shower set within the control budget.,2200.00,,,now,medium,"Includes valve, head, and handset allowance at a sensible quality level.",,open,,,,,,2026-04-04 17:52:27.320695+00,2026-04-04 17:52:27.320695+00
guest-shower-room-mirror-and-storage,GUEST-SHOWER-ROOM-MIRROR-AND-STORAGE,Mirror and storage,bathrooms,Guest bedroom 1 ensuite,Fixtures & fittings,Guest bedroom 1 ensuite,Bathrooms & sanitaryware,Mirrors & storage,Mirror or mirrored storage cabinet within the control budget.,500.00,,,later,medium,Use this to control whether the room stays simple or becomes more furniture-led.,,open,,,,,,2026-04-04 17:52:27.320695+00,2026-04-04 17:52:27.320695+00
guest-shower-room-accessories,GUEST-SHOWER-ROOM-ACCESSORIES,Accessories and towel rail,bathrooms,Guest bedroom 1 ensuite,Accessories,Guest bedroom 1 ensuite,Bathrooms & sanitaryware,Accessories & rails,"Controlled accessories package including robe hook, paper holder, and small fittings.",700.00,,,later,medium,These small items add up. Keep them visible in the budget instead of allowing them to arrive as late extras.,,open,,,,,,2026-04-04 17:52:27.320695+00,2026-04-04 17:52:27.320695+00
guest-shower-room-electrical-ventilation,GUEST-SHOWER-ROOM-ELECTRICAL-VENTILATION,"Electrical, extract, and lighting layout",mech_elec,Guest bedroom 1 ensuite,Electrical & ventilation,Guest bedroom 1 ensuite,"Electrical, lighting & data",Bathroom lighting & ventilation,"Allow mirror feed, extract, towel rail connection, and approximately 2 lighting points within the main electrical budget.",0.00,,,now,medium,Planning item only. Cost is already carried inside the main electrical and ventilation packages.,"Coordinate mirror positions, shaver points, extract, and any niche lighting before first-fix.",open,,,,,,2026-04-04 17:52:27.320695+00,2026-04-04 17:52:27.320695+00
guest-bedroom-2-floor-finish,GUEST-BEDROOM-2-FLOOR-FINISH,Floor finish,finishes,Guest bedroom 2,Finishes,Guest bedroom 2,"Floors, walls & decorating",Bedroom floors,Engineered oak floor within the control budget allowance.,1300.00,,,now,medium,Carry a restrained oak floor allowance rather than premium bespoke timber.,,open,,,,,,2026-04-04 17:52:27.320695+00,2026-04-04 17:52:27.320695+00
guest-bedroom-2-wall-finish,GUEST-BEDROOM-2-WALL-FINISH,Wall finish,finishes,Guest bedroom 2,Finishes,Guest bedroom 2,"Floors, walls & decorating",Bedroom walls,Paint-grade plaster finish with no specialist decorative treatment.,0.00,,,later,medium,Budget is held only if this room is expected to carry upgraded decorative treatment.,,open,,,,,,2026-04-04 17:52:27.320695+00,2026-04-04 17:52:27.320695+00
guest-bedroom-2-wardrobes,GUEST-BEDROOM-2-WARDROBES,Wardrobes and storage,joinery,Guest bedroom 2,Joinery & storage,Guest bedroom 2,"Joinery, doors & stairs",Bedroom wardrobes,Controlled fitted wardrobe allowance.,2500.00,,,now,medium,Use this to decide whether the room gets built-in storage or stays loose furnished.,,open,,,,,,2026-04-04 17:52:27.320695+00,2026-04-04 17:52:27.320695+00
guest-bedroom-2-power-layout,GUEST-BEDROOM-2-POWER-LAYOUT,Power layout and socket count,mech_elec,Guest bedroom 2,Electrical & lighting,Guest bedroom 2,"Electrical, lighting & data",Bedroom power & data,Allow 4 twin sockets and 1 data point within the main electrical budget.,0.00,,,now,medium,Planning item only. Cost is already included in the main electrical package.,Lock bed position and desk / TV assumptions before first-fix electrical drawings are issued.,open,,,,,,2026-04-04 17:52:27.320695+00,2026-04-04 17:52:27.320695+00
guest-bedroom-2-lighting-layout,GUEST-BEDROOM-2-LIGHTING-LAYOUT,Lighting layout,mech_elec,Guest bedroom 2,Electrical & lighting,Guest bedroom 2,"Electrical, lighting & data",Bedroom lighting,"Allow approximately 4 lighting points including 2 recessed ceiling spotlights, a main decorative fitting or bedside feature lights, and secondary lighting positions within the main electrical budget.",0.00,,,now,medium,"Planning item only. Use it to coordinate the 2 recessed ceiling spotlights, bedside switching, wall lights, and any wardrobe lighting.",,open,,,,,,2026-04-04 17:52:27.320695+00,2026-04-04 19:27:07.728251+00
guest-bedroom-2-ensuite-tiling-and-walls,GUEST-BEDROOM-2-ENSUITE-TILING-AND-WALLS,Tiling and wet-area wall finish,bathrooms,Guest bedroom 2 ensuite,Finishes,Guest bedroom 2 ensuite,"Floors, walls & decorating",Bathroom finishes,Porcelain tile finish to wet areas with paint-grade non-wet walls unless upgraded.,4000.00,,,now,medium,Use this allowance to control tile format and extent. It should not quietly turn into full-height premium stone everywhere.,,open,,,,,,2026-04-04 19:48:36.945831+00,2026-04-04 19:48:36.945831+00
guest-bedroom-2-ensuite-wc,GUEST-BEDROOM-2-ENSUITE-WC,WC,bathrooms,Guest bedroom 2 ensuite,Fixtures & fittings,Guest bedroom 2 ensuite,Bathrooms & sanitaryware,Sanitaryware,Good-quality WC within the control budget.,900.00,,,now,medium,Carry a realistic mid-range WC allowance rather than a premium designer product.,,open,,,,,,2026-04-04 19:48:36.945831+00,2026-04-04 19:48:36.945831+00
guest-bedroom-2-ensuite-basin,GUEST-BEDROOM-2-ENSUITE-BASIN,Basin and vanity,bathrooms,Guest bedroom 2 ensuite,Fixtures & fittings,Guest bedroom 2 ensuite,Bathrooms & sanitaryware,Sanitaryware,Basin or compact vanity within the control budget.,1200.00,,,now,medium,Use this to hold the basin and any integrated vanity component together.,,open,,,,,,2026-04-04 19:48:36.945831+00,2026-04-04 19:48:36.945831+00
guest-bedroom-2-ensuite-tapware,GUEST-BEDROOM-2-ENSUITE-TAPWARE,Tapware and brassware,bathrooms,Guest bedroom 2 ensuite,Fixtures & fittings,Guest bedroom 2 ensuite,Bathrooms & sanitaryware,Tapware,Controlled mid-range basin tap / small brassware allowance.,500.00,,,now,medium,"Keep finish and brand discipline here, because brassware escalation is one of the easiest budget leaks in the project.",,open,,,,,,2026-04-04 19:48:36.945831+00,2026-04-04 19:48:36.945831+00
guest-bedroom-2-ensuite-shower,GUEST-BEDROOM-2-ENSUITE-SHOWER,Shower set,bathrooms,Guest bedroom 2 ensuite,Fixtures & fittings,Guest bedroom 2 ensuite,Bathrooms & sanitaryware,Shower fittings,Concealed thermostatic shower set within the control budget.,2200.00,,,now,medium,"Includes valve, head, and handset allowance at a sensible quality level.",,open,,,,,,2026-04-04 19:48:36.945831+00,2026-04-04 19:48:36.945831+00
guest-bedroom-2-ensuite-mirror-and-storage,GUEST-BEDROOM-2-ENSUITE-MIRROR-AND-STORAGE,Mirror and storage,bathrooms,Guest bedroom 2 ensuite,Fixtures & fittings,Guest bedroom 2 ensuite,Bathrooms & sanitaryware,Mirrors & storage,Mirror or mirrored storage cabinet within the control budget.,500.00,,,later,medium,Use this to control whether the room stays simple or becomes more furniture-led.,,open,,,,,,2026-04-04 19:48:36.945831+00,2026-04-04 19:48:36.945831+00
guest-bedroom-2-ensuite-accessories,GUEST-BEDROOM-2-ENSUITE-ACCESSORIES,Accessories and towel rail,bathrooms,Guest bedroom 2 ensuite,Accessories,Guest bedroom 2 ensuite,Bathrooms & sanitaryware,Accessories & rails,"Controlled accessories package including robe hook, paper holder, and small fittings.",700.00,,,later,medium,These small items add up. Keep them visible in the budget instead of allowing them to arrive as late extras.,,open,,,,,,2026-04-04 19:48:36.945831+00,2026-04-04 19:48:36.945831+00
guest-bedroom-2-ensuite-electrical-ventilation,GUEST-BEDROOM-2-ENSUITE-ELECTRICAL-VENTILATION,"Electrical, extract, and lighting layout",mech_elec,Guest bedroom 2 ensuite,Electrical & ventilation,Guest bedroom 2 ensuite,"Electrical, lighting & data",Bathroom lighting & ventilation,"Allow mirror feed, extract, towel rail connection, and approximately 2 lighting points within the main electrical budget.",0.00,,,now,medium,Planning item only. Cost is already carried inside the main electrical and ventilation packages.,"Coordinate mirror positions, shaver points, extract, and any niche lighting before first-fix.",open,,,,,,2026-04-04 19:48:36.945831+00,2026-04-04 19:48:36.945831+00
powder-room-tiling-and-walls,POWDER-ROOM-TILING-AND-WALLS,Tiling and wet-area wall finish,bathrooms,Powder room,Finishes,Powder room,"Floors, walls & decorating",Bathroom finishes,Porcelain tile finish to wet areas with paint-grade non-wet walls unless upgraded.,1200.00,,,now,medium,Use this allowance to control tile format and extent. It should not quietly turn into full-height premium stone everywhere.,,open,,,,,,2026-04-04 17:52:27.320695+00,2026-04-04 17:52:27.320695+00
powder-room-wc,POWDER-ROOM-WC,WC,bathrooms,Powder room,Fixtures & fittings,Powder room,Bathrooms & sanitaryware,Sanitaryware,Good-quality WC within the control budget.,800.00,,,now,medium,Carry a realistic mid-range WC allowance rather than a premium designer product.,,open,,,,,,2026-04-04 17:52:27.320695+00,2026-04-04 17:52:27.320695+00
powder-room-basin,POWDER-ROOM-BASIN,Basin and vanity,bathrooms,Powder room,Fixtures & fittings,Powder room,Bathrooms & sanitaryware,Sanitaryware,Basin or compact vanity within the control budget.,1200.00,,,now,medium,Use this to hold the basin and any integrated vanity component together.,,open,,,,,,2026-04-04 17:52:27.320695+00,2026-04-04 17:52:27.320695+00
powder-room-tapware,POWDER-ROOM-TAPWARE,Tapware and brassware,bathrooms,Powder room,Fixtures & fittings,Powder room,Bathrooms & sanitaryware,Tapware,Controlled mid-range basin tap / small brassware allowance.,300.00,,,now,medium,"Keep finish and brand discipline here, because brassware escalation is one of the easiest budget leaks in the project.",,open,,,,,,2026-04-04 17:52:27.320695+00,2026-04-04 17:52:27.320695+00
powder-room-mirror-and-storage,POWDER-ROOM-MIRROR-AND-STORAGE,Mirror and storage,bathrooms,Powder room,Fixtures & fittings,Powder room,Bathrooms & sanitaryware,Mirrors & storage,Mirror or mirrored storage cabinet within the control budget.,200.00,,,later,medium,Use this to control whether the room stays simple or becomes more furniture-led.,,open,,,,,,2026-04-04 17:52:27.320695+00,2026-04-04 17:52:27.320695+00
powder-room-accessories,POWDER-ROOM-ACCESSORIES,Accessories and towel rail,bathrooms,Powder room,Accessories,Powder room,Bathrooms & sanitaryware,Accessories & rails,"Controlled accessories package including robe hook, paper holder, and small fittings.",250.00,,,later,medium,These small items add up. Keep them visible in the budget instead of allowing them to arrive as late extras.,,open,,,,,,2026-04-04 17:52:27.320695+00,2026-04-04 17:52:27.320695+00
powder-room-electrical-ventilation,POWDER-ROOM-ELECTRICAL-VENTILATION,"Electrical, extract, and lighting layout",mech_elec,Powder room,Electrical & ventilation,Powder room,"Electrical, lighting & data",Bathroom lighting & ventilation,"Allow extractor, mirror light or mirrored cabinet feed, and approximately 2 lighting points within the main electrical budget.",0.00,,,now,medium,Planning item only. Cost is already carried inside the main electrical and ventilation packages.,"Coordinate mirror positions, shaver points, extract, and any niche lighting before first-fix.",open,,,,,,2026-04-04 17:52:27.320695+00,2026-04-04 17:52:27.320695+00
garage-floor-finish,GARAGE-FLOOR-FINISH,Garage floor finish,finishes,Garage,Finishes,Garage,"Floors, walls & decorating",Garage finishes,Basic power-floated concrete garage floor within the control budget.,1500.00,,,now,medium,This is intentionally not a premium polished or resin system in the baseline budget.,,open,,,,,,2026-04-04 17:52:27.320695+00,2026-04-04 17:52:27.320695+00
garage-wall-finish,GARAGE-WALL-FINISH,Garage wall finish,finishes,Garage,Finishes,Garage,"Floors, walls & decorating",Garage finishes,Basic plastered / serviceable garage wall finish only.,0.00,,,now,medium,Planning item only.,,open,,,,,,2026-04-04 17:52:27.320695+00,2026-04-04 17:52:27.320695+00
garage-storage-and-workbench,GARAGE-STORAGE-AND-WORKBENCH,Garage storage and workbench,joinery,Garage,Joinery & storage,Garage,"Joinery, doors & stairs",Garage storage,No major bespoke garage fit-out is assumed in the baseline budget.,0.00,,,now,medium,Keep workshop ambitions separate from the main build if budget is tight.,,open,,,,,,2026-04-04 17:52:27.320695+00,2026-04-04 17:52:27.320695+00
garage-power-layout,GARAGE-POWER-LAYOUT,Garage power layout,mech_elec,Garage,Electrical & lighting,Garage,"Electrical, lighting & data",Garage power,"Allow 6 twin sockets, EV charger provision, and garage door power within the main electrical budget.",0.00,,,now,medium,Planning item only.,,open,,,,,,2026-04-04 17:52:27.320695+00,2026-04-04 17:52:27.320695+00
garage-lighting-layout,GARAGE-LIGHTING-LAYOUT,Garage lighting layout,mech_elec,Garage,Electrical & lighting,Garage,"Electrical, lighting & data",Garage lighting,Allow approximately 6 practical garage lighting points within the main electrical budget.,0.00,,,now,medium,Planning item only.,,open,,,,,,2026-04-04 17:52:27.320695+00,2026-04-04 17:52:27.320695+00
ev-charger,EV-CHARGER,EV charger,utilities,Garage,Electrical & lighting,Garage,"Electrical, lighting & data",Garage power,Single EV charger and wiring within the control budget.,1500.00,,,now,medium,Budget-bearing EV item already in the project assumptions.,,open,,,,,,2026-04-04 17:52:27.320695+00,2026-04-04 17:52:27.320695+00
courtyard-threshold-drainage,COURTYARD-THRESHOLD-DRAINAGE,Courtyard threshold drainage,groundworks,Courtyard / external interface,Drainage & thresholds,Courtyard / external interface,External works & courtyard,Thresholds,Simple robust drainage and threshold handling to the courtyard edges.,0.00,,,now,medium,Planning item only. Cost is already within the groundworks drainage package.,"Resolve this with slider thresholds and floor levels, not as a late technical patch.",open,,,,,,2026-04-04 17:52:27.320695+00,2026-04-04 17:52:27.320695+00
courtyard-external-lighting,COURTYARD-EXTERNAL-LIGHTING,Courtyard external lighting,mech_elec,Courtyard / external interface,Lighting & services,Courtyard / external interface,"Electrical, lighting & data",External lighting,Restrained practical courtyard lighting within the main external electrical budget.,0.00,,,now,medium,Planning item only.,,open,,,,,,2026-04-04 17:52:27.320695+00,2026-04-04 17:52:27.320695+00
courtyard-external-power-and-tap,COURTYARD-EXTERNAL-POWER-AND-TAP,Courtyard external power and water point,utilities,Courtyard / external interface,Lighting & services,Courtyard / external interface,External works & courtyard,External utilities,Single external tap and practical external power point provision only.,0.00,,,now,medium,Planning item only. Cost is already assumed inside the wider utilities and external electrical allowances.,,open,,,,,,2026-04-04 17:52:27.320695+00,2026-04-04 17:52:27.320695+00
courtyard-finish-placeholder,COURTYARD-FINISH-PLACEHOLDER,Courtyard finish placeholder,courtyard_finish_longterm,Courtyard / external interface,Long-term items,Courtyard / external interface,External works & courtyard,Courtyard fit-out,No active courtyard fit-out budget in this phase beyond essential building interfaces.,0.00,,,later,medium,This remains outside the active build budget unless you consciously bring it forward.,,open,,,,,,2026-04-04 17:52:27.320695+00,2026-04-04 17:52:27.320695+00
entrance-gate-and-access-automation,ENTRANCE_GATE_AND_ACCESS_AUTOMATION,Entrance gate and access automation,landscaping,Courtyard / external interface,Long-term items,Courtyard / external interface,External works & courtyard,Access & boundaries,No entrance gate or gate automation is included in the active construction budget.,0.00,,,later,medium,Track this here if you decide to bring the entrance gate into the project scope later.,,open,,,,,,2026-04-04 19:41:00.235721+00,2026-04-04 19:41:00.235721+00
driveway-and-approach-finish,DRIVEWAY_AND_APPROACH_FINISH,Driveway and approach finish,landscaping,Courtyard / external interface,Long-term items,Courtyard / external interface,External works & courtyard,Access & boundaries,No full driveway package is included in the active construction budget beyond immediate functional access.,0.00,,,later,medium,Long-term external works placeholder for a no-dig driveway or upgraded approach finish.,,open,,,,,,2026-04-04 19:41:00.235721+00,2026-04-04 19:41:00.235721+00
fencing-and-planting-package,FENCING_AND_PLANTING_PACKAGE,Fencing and planting package,landscaping,Courtyard / external interface,Long-term items,Courtyard / external interface,External works & courtyard,Access & boundaries,"Boundary fencing, planting, and soft landscaping remain outside the active build budget.",0.00,,,later,medium,Long-term external works placeholder for boundary treatment and planting once the core build is complete.,,open,,,,,,2026-04-04 19:41:00.235721+00,2026-04-04 19:41:00.235721+00
